{
	"providers": {
		"awscloudformation": {
			"AuthRoleName": "amplify-awsamplifyauthstarte-reactdevf-152806-authRole",
			"UnauthRoleArn": "arn:aws:iam::785296153421:role/amplify-awsamplifyauthstarte-reactdevf-152806-unauthRole",
			"AuthRoleArn": "arn:aws:iam::785296153421:role/amplify-awsamplifyauthstarte-reactdevf-152806-authRole",
			"Region": "eu-central-1",
			"DeploymentBucketName": "amplify-awsamplifyauthstarte-reactdevf-152806-deployment",
			"UnauthRoleName": "amplify-awsamplifyauthstarte-reactdevf-152806-unauthRole",
			"StackName": "amplify-awsamplifyauthstarte-reactdevf-152806",
			"StackId": "arn:aws:cloudformation:eu-central-1:785296153421:stack/amplify-awsamplifyauthstarte-reactdevf-152806/c1c70ec0-912f-11ea-9549-0248d60dd6ec",
			"AmplifyAppId": "d1u2ijwtixmzua"
		},
		"categories": {
			"auth": {
				"awsamplifyauthstarteca5ac8e2": {}
			}
		}
	},
	"auth": {
		"userPoolGroups": {
			"service": "Cognito-UserPool-Groups",
			"providerPlugin": "awscloudformation",
			"dependsOn": [
				{
					"category": "auth",
					"resourceName": "reactDevF",
					"attributes": [
						"UserPoolId",
						"AppClientIDWeb",
						"AppClientID",
						"IdentityPoolId"
					]
				}
			],
			"providerMetadata": {
				"s3TemplateURL": "https://s3.amazonaws.com/amplify-awsamplifyauthstarte-reactdevf-152806-deployment/amplify-cfn-templates/auth/template.json",
				"logicalId": "authuserPoolGroups"
			},
			"lastPushTimeStamp": "2020-05-08T15:02:34.639Z",
			"output": {
				"AdminsGroupRole": "arn:aws:iam::785296153421:role/eu-central-1_x5Ue7W8iL-AdminsGroupRole"
			},
			"lastPushDirHash": "uhLsCuVGCo11NJdlNe5GAkymlRs="
		},
		"reactDevF": {
			"service": "Cognito",
			"providerPlugin": "awscloudformation",
			"dependsOn": [],
			"providerMetadata": {
				"s3TemplateURL": "https://s3.amazonaws.com/amplify-awsamplifyauthstarte-reactdevf-152806-deployment/amplify-cfn-templates/auth/reactDevF-cloudformation-template.yml",
				"logicalId": "authreactDevF"
			},
			"lastPushTimeStamp": "2020-05-08T15:02:34.639Z",
			"output": {
				"AppClientSecret": "s10kg1alvj6uvivnd8ihrbrg930a8dcltpmh8qef2khmm9162em",
				"UserPoolId": "eu-central-1_x5Ue7W8iL",
				"AppClientIDWeb": "3uqnaegc7cl6qs3en120s7157s",
				"AppClientID": "5me3lc5ooqtcmk1l09h2mnj4pf",
				"IdentityPoolId": "eu-central-1:a1776ef8-9bcb-414d-a6bb-87adb64292f0",
				"IdentityPoolName": "reactDevF__reactdevf",
				"UserPoolName": "reactDevF"
			},
			"lastPushDirHash": "mHYh95JD7rl1oLGhBXBLnUIfgGk="
		}
	}
}